country,state,year,quarter,registered_users,apps_opened
india,andaman-&-nicobar-islands,2018,Q1,6740,0
india,andaman-&-nicobar-islands,2018,Q1,6740,0
india,andaman-&-nicobar-islands,2018,Q2,9405,0
india,andaman-&-nicobar-islands,2018,Q2,9405,0
india,andaman-&-nicobar-islands,2018,Q3,12149,0
india,andaman-&-nicobar-islands,2018,Q3,12149,0
india,andaman-&-nicobar-islands,2018,Q4,15222,0
india,andaman-&-nicobar-islands,2018,Q4,15222,0
india,andaman-&-nicobar-islands,2019,Q1,18596,0
india,andaman-&-nicobar-islands,2019,Q1,18596,0
india,andaman-&-nicobar-islands,2019,Q2,21731,52640
india,andaman-&-nicobar-islands,2019,Q2,21731,52640
india,andaman-&-nicobar-islands,2019,Q3,23931,171107
india,andaman-&-nicobar-islands,2019,Q3,23931,171107
india,andaman-&-nicobar-islands,2019,Q4,25960,177012
india,andaman-&-nicobar-islands,2019,Q4,25960,177012
india,andaman-&-nicobar-islands,2020,Q1,28368,193586
india,andaman-&-nicobar-islands,2020,Q1,28368,193586
india,andaman-&-nicobar-islands,2020,Q2,32710,305072
india,andaman-&-nicobar-islands,2020,Q2,32710,305072
india,andaman-&-nicobar-islands,2020,Q3,41335,515565
india,andaman-&-nicobar-islands,2020,Q3,41335,515565
india,andaman-&-nicobar-islands,2020,Q4,52396,887208
india,andaman-&-nicobar-islands,2020,Q4,52396,887208
india,andaman-&-nicobar-islands,2021,Q1,57758,1004336
india,andaman-&-nicobar-islands,2021,Q1,57758,1004336
india,andaman-&-nicobar-islands,2021,Q2,62095,2248223
india,andaman-&-nicobar-islands,2021,Q2,62095,2248223
india,andaman-&-nicobar-islands,2021,Q3,66982,3121625
india,andaman-&-nicobar-islands,2021,Q3,66982,3121625
india,andaman-&-nicobar-islands,2021,Q4,71780,2112910
india,andaman-&-nicobar-islands,2021,Q4,71780,2112910
india,andaman-&-nicobar-islands,2022,Q1,76288,3847407
india,andaman-&-nicobar-islands,2022,Q1,76288,3847407
india,andaman-&-nicobar-islands,2022,Q2,80530,5180013
india,andaman-&-nicobar-islands,2022,Q2,80530,5180013
india,andaman-&-nicobar-islands,2022,Q3,84642,6068354
india,andaman-&-nicobar-islands,2022,Q3,84642,6068354
india,andaman-&-nicobar-islands,2022,Q4,88442,4354093
india,andaman-&-nicobar-islands,2022,Q4,88442,4354093
india,andhra-pradesh,2018,Q1,3336450,0
india,andhra-pradesh,2018,Q1,3336450,0
india,andhra-pradesh,2018,Q2,4402540,0
india,andhra-pradesh,2018,Q2,4402540,0
india,andhra-pradesh,2018,Q3,5427617,0
india,andhra-pradesh,2018,Q3,5427617,0
india,andhra-pradesh,2018,Q4,6857409,0
india,andhra-pradesh,2018,Q4,6857409,0
india,andhra-pradesh,2019,Q1,8283019,0
india,andhra-pradesh,2019,Q1,8283019,0
india,andhra-pradesh,2019,Q2,9389003,81375251
india,andhra-pradesh,2019,Q2,9389003,81375251
india,andhra-pradesh,2019,Q3,10458693,310953542
india,andhra-pradesh,2019,Q3,10458693,310953542
india,andhra-pradesh,2019,Q4,11757883,411201518
india,andhra-pradesh,2019,Q4,11757883,411201518
india,andhra-pradesh,2020,Q1,13022060,486513773
india,andhra-pradesh,2020,Q1,13022060,486513773
india,andhra-pradesh,2020,Q2,14319675,494341698
india,andhra-pradesh,2020,Q2,14319675,494341698
india,andhra-pradesh,2020,Q3,15692405,696300382
india,andhra-pradesh,2020,Q3,15692405,696300382
india,andhra-pradesh,2020,Q4,17076565,869078538
india,andhra-pradesh,2020,Q4,17076565,869078538
india,andhra-pradesh,2021,Q1,18363733,957709447
india,andhra-pradesh,2021,Q1,18363733,957709447
india,andhra-pradesh,2021,Q2,19620905,1044705436
india,andhra-pradesh,2021,Q2,19620905,1044705436
india,andhra-pradesh,2021,Q3,21059898,1258536879
india,andhra-pradesh,2021,Q3,21059898,1258536879
india,andhra-pradesh,2021,Q4,22489029,1447717601
india,andhra-pradesh,2021,Q4,22489029,1447717601
india,andhra-pradesh,2022,Q1,23857951,1254785973
india,andhra-pradesh,2022,Q1,23857951,1254785973
india,andhra-pradesh,2022,Q2,25157264,1378736856
india,andhra-pradesh,2022,Q2,25157264,1378736856
india,andhra-pradesh,2022,Q3,26496330,1357005703
india,andhra-pradesh,2022,Q3,26496330,1357005703
india,andhra-pradesh,2022,Q4,27778016,1673374802
india,andhra-pradesh,2022,Q4,27778016,1673374802
india,arunachal-pradesh,2018,Q1,21495,0
india,arunachal-pradesh,2018,Q1,21495,0
india,arunachal-pradesh,2018,Q2,32883,0
india,arunachal-pradesh,2018,Q2,32883,0
india,arunachal-pradesh,2018,Q3,45922,0
india,arunachal-pradesh,2018,Q3,45922,0
india,arunachal-pradesh,2018,Q4,61852,0
india,arunachal-pradesh,2018,Q4,61852,0
india,arunachal-pradesh,2019,Q1,76957,0
india,arunachal-pradesh,2019,Q1,76957,0
india,arunachal-pradesh,2019,Q2,95885,502873
india,arunachal-pradesh,2019,Q2,95885,502873
india,arunachal-pradesh,2019,Q3,112149,1811700
india,arunachal-pradesh,2019,Q3,112149,1811700
india,arunachal-pradesh,2019,Q4,129321,2140340
india,arunachal-pradesh,2019,Q4,129321,2140340
india,arunachal-pradesh,2020,Q1,149066,2598321
india,arunachal-pradesh,2020,Q1,149066,2598321
india,arunachal-pradesh,2020,Q2,177534,3387006
india,arunachal-pradesh,2020,Q2,177534,3387006
india,arunachal-pradesh,2020,Q3,206046,4003421
india,arunachal-pradesh,2020,Q3,206046,4003421
india,arunachal-pradesh,2020,Q4,231292,4472667
india,arunachal-pradesh,2020,Q4,231292,4472667
india,arunachal-pradesh,2021,Q1,251240,4796708
india,arunachal-pradesh,2021,Q1,251240,4796708
india,arunachal-pradesh,2021,Q2,270572,13025849
india,arunachal-pradesh,2021,Q2,270572,13025849
india,arunachal-pradesh,2021,Q3,293073,17209654
india,arunachal-pradesh,2021,Q3,293073,17209654
india,arunachal-pradesh,2021,Q4,314944,11230295
india,arunachal-pradesh,2021,Q4,314944,11230295
india,arunachal-pradesh,2022,Q1,335339,41418559
india,arunachal-pradesh,2022,Q1,335339,41418559
india,arunachal-pradesh,2022,Q2,354528,49889518
india,arunachal-pradesh,2022,Q2,354528,49889518
india,arunachal-pradesh,2022,Q3,373372,59722628
india,arunachal-pradesh,2022,Q3,373372,59722628
india,arunachal-pradesh,2022,Q4,390307,21775038
india,arunachal-pradesh,2022,Q4,390307,21775038
india,assam,2018,Q1,385237,0
india,assam,2018,Q1,385237,0
india,assam,2018,Q2,571046,0
india,assam,2018,Q2,571046,0
india,assam,2018,Q3,784802,0
india,assam,2018,Q3,784802,0
india,assam,2018,Q4,1039221,0
india,assam,2018,Q4,1039221,0
india,assam,2019,Q1,1259085,0
india,assam,2019,Q1,1259085,0
india,assam,2019,Q2,1500128,7350326
india,assam,2019,Q2,1500128,7350326
india,assam,2019,Q3,1731523,25393673
india,assam,2019,Q3,1731523,25393673
india,assam,2019,Q4,1941220,26599449
india,assam,2019,Q4,1941220,26599449
india,assam,2020,Q1,2185938,33097892
india,assam,2020,Q1,2185938,33097892
india,assam,2020,Q2,2550883,39304924
india,assam,2020,Q2,2550883,39304924
india,assam,2020,Q3,2830011,41875278
india,assam,2020,Q3,2830011,41875278
india,assam,2020,Q4,3106153,49321814
india,assam,2020,Q4,3106153,49321814
india,assam,2021,Q1,3358448,56752364
india,assam,2021,Q1,3358448,56752364
india,assam,2021,Q2,3617056,102003890
india,assam,2021,Q2,3617056,102003890
india,assam,2021,Q3,3918480,135288631
india,assam,2021,Q3,3918480,135288631
india,assam,2021,Q4,4209591,130600435
india,assam,2021,Q4,4209591,130600435
india,assam,2022,Q1,4492589,281642453
india,assam,2022,Q1,4492589,281642453
india,assam,2022,Q2,4755787,339929089
india,assam,2022,Q2,4755787,339929089
india,assam,2022,Q3,5016910,410760707
india,assam,2022,Q3,5016910,410760707
india,assam,2022,Q4,5247776,248781157
india,assam,2022,Q4,5247776,248781157
india,bihar,2018,Q1,2133804,0
india,bihar,2018,Q1,2133804,0
india,bihar,2018,Q2,3005872,0
india,bihar,2018,Q2,3005872,0
india,bihar,2018,Q3,3784535,0
india,bihar,2018,Q3,3784535,0
india,bihar,2018,Q4,4776665,0
india,bihar,2018,Q4,4776665,0
india,bihar,2019,Q1,5745117,0
india,bihar,2019,Q1,5745117,0
india,bihar,2019,Q2,6589759,39607022
india,bihar,2019,Q2,6589759,39607022
india,bihar,2019,Q3,7380265,126521298
india,bihar,2019,Q3,7380265,126521298
india,bihar,2019,Q4,8342274,163998097
india,bihar,2019,Q4,8342274,163998097
india,bihar,2020,Q1,9351234,183868505
india,bihar,2020,Q1,9351234,183868505
india,bihar,2020,Q2,10603767,218435035
india,bihar,2020,Q2,10603767,218435035
india,bihar,2020,Q3,11763213,266652644
india,bihar,2020,Q3,11763213,266652644
india,bihar,2020,Q4,12889833,317056600
india,bihar,2020,Q4,12889833,317056600
india,bihar,2021,Q1,13946288,355792608
india,bihar,2021,Q1,13946288,355792608
india,bihar,2021,Q2,14972134,371198660
india,bihar,2021,Q2,14972134,371198660
india,bihar,2021,Q3,16160771,421801379
india,bihar,2021,Q3,16160771,421801379
india,bihar,2021,Q4,17335981,647400838
india,bihar,2021,Q4,17335981,647400838
india,bihar,2022,Q1,18484658,316991599
india,bihar,2022,Q1,18484658,316991599
india,bihar,2022,Q2,19569894,348588438
india,bihar,2022,Q2,19569894,348588438
india,bihar,2022,Q3,20694376,336807385
india,bihar,2022,Q3,20694376,336807385
india,bihar,2022,Q4,21738117,834827202
india,bihar,2022,Q4,21738117,834827202
india,chandigarh,2018,Q1,86268,0
india,chandigarh,2018,Q1,86268,0
india,chandigarh,2018,Q2,115219,0
india,chandigarh,2018,Q2,115219,0
india,chandigarh,2018,Q3,143893,0
india,chandigarh,2018,Q3,143893,0
india,chandigarh,2018,Q4,177747,0
india,chandigarh,2018,Q4,177747,0
india,chandigarh,2019,Q1,209175,0
india,chandigarh,2019,Q1,209175,0
india,chandigarh,2019,Q2,240439,1220176
india,chandigarh,2019,Q2,240439,1220176
india,chandigarh,2019,Q3,267337,4625196
india,chandigarh,2019,Q3,267337,4625196
india,chandigarh,2019,Q4,289590,4960441
india,chandigarh,2019,Q4,289590,4960441
india,chandigarh,2020,Q1,312887,5201211
india,chandigarh,2020,Q1,312887,5201211
india,chandigarh,2020,Q2,336351,3451250
india,chandigarh,2020,Q2,336351,3451250
india,chandigarh,2020,Q3,362588,4888739
india,chandigarh,2020,Q3,362588,4888739
india,chandigarh,2020,Q4,391402,6477974
india,chandigarh,2020,Q4,391402,6477974
india,chandigarh,2021,Q1,419998,7919533
india,chandigarh,2021,Q1,419998,7919533
india,chandigarh,2021,Q2,448572,4733924
india,chandigarh,2021,Q2,448572,4733924
india,chandigarh,2021,Q3,480463,6378807
india,chandigarh,2021,Q3,480463,6378807
india,chandigarh,2021,Q4,512092,11603954
india,chandigarh,2021,Q4,512092,11603954
india,chandigarh,2022,Q1,541549,2321685
india,chandigarh,2022,Q1,541549,2321685
india,chandigarh,2022,Q2,569582,2285979
india,chandigarh,2022,Q2,569582,2285979
india,chandigarh,2022,Q3,598698,2173356
india,chandigarh,2022,Q3,598698,2173356
india,chandigarh,2022,Q4,627563,15308862
india,chandigarh,2022,Q4,627563,15308862
india,chhattisgarh,2018,Q1,679263,0
india,chhattisgarh,2018,Q1,679263,0
india,chhattisgarh,2018,Q2,950675,0
india,chhattisgarh,2018,Q2,950675,0
india,chhattisgarh,2018,Q3,1217792,0
india,chhattisgarh,2018,Q3,1217792,0
india,chhattisgarh,2018,Q4,1579998,0
india,chhattisgarh,2018,Q4,1579998,0
india,chhattisgarh,2019,Q1,1908898,0
india,chhattisgarh,2019,Q1,1908898,0
india,chhattisgarh,2019,Q2,2191066,13206373
india,chhattisgarh,2019,Q2,2191066,13206373
india,chhattisgarh,2019,Q3,2435058,46362341
india,chhattisgarh,2019,Q3,2435058,46362341
india,chhattisgarh,2019,Q4,2725900,57278977
india,chhattisgarh,2019,Q4,2725900,57278977
india,chhattisgarh,2020,Q1,3016487,64224101
india,chhattisgarh,2020,Q1,3016487,64224101
india,chhattisgarh,2020,Q2,3401658,68493384
india,chhattisgarh,2020,Q2,3401658,68493384
india,chhattisgarh,2020,Q3,3799386,86918606
india,chhattisgarh,2020,Q3,3799386,86918606
india,chhattisgarh,2020,Q4,4190601,109900467
india,chhattisgarh,2020,Q4,4190601,109900467
india,chhattisgarh,2021,Q1,4514551,124648704
india,chhattisgarh,2021,Q1,4514551,124648704
india,chhattisgarh,2021,Q2,4837055,205784717
india,chhattisgarh,2021,Q2,4837055,205784717
india,chhattisgarh,2021,Q3,5206084,276486076
india,chhattisgarh,2021,Q3,5206084,276486076
india,chhattisgarh,2021,Q4,5565481,251752583
india,chhattisgarh,2021,Q4,5565481,251752583
india,chhattisgarh,2022,Q1,5916961,448503438
india,chhattisgarh,2022,Q1,5916961,448503438
india,chhattisgarh,2022,Q2,6238349,501411120
india,chhattisgarh,2022,Q2,6238349,501411120
india,chhattisgarh,2022,Q3,6562237,543206487
india,chhattisgarh,2022,Q3,6562237,543206487
india,chhattisgarh,2022,Q4,6846822,354976814
india,chhattisgarh,2022,Q4,6846822,354976814
india,dadra-&-nagar-haveli-&-daman-&-diu,2018,Q1,53258,0
india,dadra-&-nagar-haveli-&-daman-&-diu,2018,Q1,53258,0
india,dadra-&-nagar-haveli-&-daman-&-diu,2018,Q2,71458,0
india,dadra-&-nagar-haveli-&-daman-&-diu,2018,Q2,71458,0
india,dadra-&-nagar-haveli-&-daman-&-diu,2018,Q3,92107,0
india,dadra-&-nagar-haveli-&-daman-&-diu,2018,Q3,92107,0
india,dadra-&-nagar-haveli-&-daman-&-diu,2018,Q4,116511,0
india,dadra-&-nagar-haveli-&-daman-&-diu,2018,Q4,116511,0
india,dadra-&-nagar-haveli-&-daman-&-diu,2019,Q1,140532,0
india,dadra-&-nagar-haveli-&-daman-&-diu,2019,Q1,140532,0
india,dadra-&-nagar-haveli-&-daman-&-diu,2019,Q2,158580,860686
india,dadra-&-nagar-haveli-&-daman-&-diu,2019,Q2,158580,860686
india,dadra-&-nagar-haveli-&-daman-&-diu,2019,Q3,176929,3126189
india,dadra-&-nagar-haveli-&-daman-&-diu,2019,Q3,176929,3126189
india,dadra-&-nagar-haveli-&-daman-&-diu,2019,Q4,197598,3770543
india,dadra-&-nagar-haveli-&-daman-&-diu,2019,Q4,197598,3770543
india,dadra-&-nagar-haveli-&-daman-&-diu,2020,Q1,218496,4195122
india,dadra-&-nagar-haveli-&-daman-&-diu,2020,Q1,218496,4195122
india,dadra-&-nagar-haveli-&-daman-&-diu,2020,Q2,244814,4505127
india,dadra-&-nagar-haveli-&-daman-&-diu,2020,Q2,244814,4505127
india,dadra-&-nagar-haveli-&-daman-&-diu,2020,Q3,267946,4421499
india,dadra-&-nagar-haveli-&-daman-&-diu,2020,Q3,267946,4421499
india,dadra-&-nagar-haveli-&-daman-&-diu,2020,Q4,296493,6196436
india,dadra-&-nagar-haveli-&-daman-&-diu,2020,Q4,296493,6196436
india,dadra-&-nagar-haveli-&-daman-&-diu,2021,Q1,321396,7302462
india,dadra-&-nagar-haveli-&-daman-&-diu,2021,Q1,321396,7302462
india,dadra-&-nagar-haveli-&-daman-&-diu,2021,Q2,344994,5062983
india,dadra-&-nagar-haveli-&-daman-&-diu,2021,Q2,344994,5062983
india,dadra-&-nagar-haveli-&-daman-&-diu,2021,Q3,371874,7162734
india,dadra-&-nagar-haveli-&-daman-&-diu,2021,Q3,371874,7162734
india,dadra-&-nagar-haveli-&-daman-&-diu,2021,Q4,398963,15009455
india,dadra-&-nagar-haveli-&-daman-&-diu,2021,Q4,398963,15009455
india,dadra-&-nagar-haveli-&-daman-&-diu,2022,Q1,424570,3910792
india,dadra-&-nagar-haveli-&-daman-&-diu,2022,Q1,424570,3910792
india,dadra-&-nagar-haveli-&-daman-&-diu,2022,Q2,449016,3886292
india,dadra-&-nagar-haveli-&-daman-&-diu,2022,Q2,449016,3886292
india,dadra-&-nagar-haveli-&-daman-&-diu,2022,Q3,474807,3837881
india,dadra-&-nagar-haveli-&-daman-&-diu,2022,Q3,474807,3837881
india,dadra-&-nagar-haveli-&-daman-&-diu,2022,Q4,500125,24066770
india,dadra-&-nagar-haveli-&-daman-&-diu,2022,Q4,500125,24066770
india,delhi,2018,Q1,2087022,0
india,delhi,2018,Q1,2087022,0
india,delhi,2018,Q2,2756141,0
india,delhi,2018,Q2,2756141,0
india,delhi,2018,Q3,3504911,0
india,delhi,2018,Q3,3504911,0
india,delhi,2018,Q4,4630313,0
india,delhi,2018,Q4,4630313,0
india,delhi,2019,Q1,5499263,0
india,delhi,2019,Q1,5499263,0
india,delhi,2019,Q2,6165448,43731570
india,delhi,2019,Q2,6165448,43731570
india,delhi,2019,Q3,6782286,163381027
india,delhi,2019,Q3,6782286,163381027
india,delhi,2019,Q4,7289883,172682671
india,delhi,2019,Q4,7289883,172682671
india,delhi,2020,Q1,7826197,178263986
india,delhi,2020,Q1,7826197,178263986
india,delhi,2020,Q2,8391139,142852253
india,delhi,2020,Q2,8391139,142852253
india,delhi,2020,Q3,9044174,190025029
india,delhi,2020,Q3,9044174,190025029
india,delhi,2020,Q4,9747968,243433752
india,delhi,2020,Q4,9747968,243433752
india,delhi,2021,Q1,10467210,281201600
india,delhi,2021,Q1,10467210,281201600
india,delhi,2021,Q2,11182699,164997774
india,delhi,2021,Q2,11182699,164997774
india,delhi,2021,Q3,11980061,223844376
india,delhi,2021,Q3,11980061,223844376
india,delhi,2021,Q4,12785127,345669353
india,delhi,2021,Q4,12785127,345669353
india,delhi,2022,Q1,13539197,57524153
india,delhi,2022,Q1,13539197,57524153
india,delhi,2022,Q2,14260143,52553080
india,delhi,2022,Q2,14260143,52553080
india,delhi,2022,Q3,15009523,49919498
india,delhi,2022,Q3,15009523,49919498
india,delhi,2022,Q4,15764149,401864749
india,delhi,2022,Q4,15764149,401864749
india,goa,2018,Q1,91936,0
india,goa,2018,Q1,91936,0
india,goa,2018,Q2,122174,0
india,goa,2018,Q2,122174,0
india,goa,2018,Q3,153802,0
india,goa,2018,Q3,153802,0
india,goa,2018,Q4,195350,0
india,goa,2018,Q4,195350,0
india,goa,2019,Q1,238152,0
india,goa,2019,Q1,238152,0
india,goa,2019,Q2,278940,1352232
india,goa,2019,Q2,278940,1352232
india,goa,2019,Q3,317194,4753892
india,goa,2019,Q3,317194,4753892
india,goa,2019,Q4,353546,6290543
india,goa,2019,Q4,353546,6290543
india,goa,2020,Q1,391900,7147233
india,goa,2020,Q1,391900,7147233
india,goa,2020,Q2,430639,5310126
india,goa,2020,Q2,430639,5310126
india,goa,2020,Q3,474962,6129766
india,goa,2020,Q3,474962,6129766
india,goa,2020,Q4,527584,10991118
india,goa,2020,Q4,527584,10991118
india,goa,2021,Q1,570035,15467672
india,goa,2021,Q1,570035,15467672
india,goa,2021,Q2,609106,12710361
india,goa,2021,Q2,609106,12710361
india,goa,2021,Q3,653458,16575111
india,goa,2021,Q3,653458,16575111
india,goa,2021,Q4,697178,28288254
india,goa,2021,Q4,697178,28288254
india,goa,2022,Q1,738628,18678798
india,goa,2022,Q1,738628,18678798
india,goa,2022,Q2,777779,19062157
india,goa,2022,Q2,777779,19062157
india,goa,2022,Q3,817830,19712764
india,goa,2022,Q3,817830,19712764
india,goa,2022,Q4,855202,43005212
india,goa,2022,Q4,855202,43005212
india,gujarat,2018,Q1,2690048,0
india,gujarat,2018,Q1,2690048,0
india,gujarat,2018,Q2,3565825,0
india,gujarat,2018,Q2,3565825,0
india,gujarat,2018,Q3,4433183,0
india,gujarat,2018,Q3,4433183,0
india,gujarat,2018,Q4,5579040,0
india,gujarat,2018,Q4,5579040,0
india,gujarat,2019,Q1,6652536,0
india,gujarat,2019,Q1,6652536,0
india,gujarat,2019,Q2,7574645,34890301
india,gujarat,2019,Q2,7574645,34890301
india,gujarat,2019,Q3,8429299,129441484
india,gujarat,2019,Q3,8429299,129441484
india,gujarat,2019,Q4,9323799,147973757
india,gujarat,2019,Q4,9323799,147973757
india,gujarat,2020,Q1,10259843,165605122
india,gujarat,2020,Q1,10259843,165605122
india,gujarat,2020,Q2,11392657,155264359
india,gujarat,2020,Q2,11392657,155264359
india,gujarat,2020,Q3,12467847,184402472
india,gujarat,2020,Q3,12467847,184402472
india,gujarat,2020,Q4,13605203,230497353
india,gujarat,2020,Q4,13605203,230497353
india,gujarat,2021,Q1,14670126,264732874
india,gujarat,2021,Q1,14670126,264732874
india,gujarat,2021,Q2,15735981,282432543
india,gujarat,2021,Q2,15735981,282432543
india,gujarat,2021,Q3,16946761,379987151
india,gujarat,2021,Q3,16946761,379987151
india,gujarat,2021,Q4,18139201,487846209
india,gujarat,2021,Q4,18139201,487846209
india,gujarat,2022,Q1,19265314,521776939
india,gujarat,2022,Q1,19265314,521776939
india,gujarat,2022,Q2,20321596,609943436
india,gujarat,2022,Q2,20321596,609943436
india,gujarat,2022,Q3,21394721,699121904
india,gujarat,2022,Q3,21394721,699121904
india,gujarat,2022,Q4,22412353,790984595
india,gujarat,2022,Q4,22412353,790984595
india,haryana,2018,Q1,1847357,0
india,haryana,2018,Q1,1847357,0
india,haryana,2018,Q2,2447221,0
india,haryana,2018,Q2,2447221,0
india,haryana,2018,Q3,3020398,0
india,haryana,2018,Q3,3020398,0
india,haryana,2018,Q4,3793079,0
india,haryana,2018,Q4,3793079,0
india,haryana,2019,Q1,4538767,0
india,haryana,2019,Q1,4538767,0
india,haryana,2019,Q2,5178030,31929195
india,haryana,2019,Q2,5178030,31929195
india,haryana,2019,Q3,5783752,118332587
india,haryana,2019,Q3,5783752,118332587
india,haryana,2019,Q4,6366679,136721888
india,haryana,2019,Q4,6366679,136721888
india,haryana,2020,Q1,7018770,157793468
india,haryana,2020,Q1,7018770,157793468
india,haryana,2020,Q2,7682878,143650123
india,haryana,2020,Q2,7682878,143650123
india,haryana,2020,Q3,8398816,188614769
india,haryana,2020,Q3,8398816,188614769
india,haryana,2020,Q4,9129873,236101307
india,haryana,2020,Q4,9129873,236101307
india,haryana,2021,Q1,9827905,266686683
india,haryana,2021,Q1,9827905,266686683
india,haryana,2021,Q2,10530594,234052506
india,haryana,2021,Q2,10530594,234052506
india,haryana,2021,Q3,11325336,296884105
india,haryana,2021,Q3,11325336,296884105
india,haryana,2021,Q4,12116439,442176987
india,haryana,2021,Q4,12116439,442176987
india,haryana,2022,Q1,12866988,217228467
india,haryana,2022,Q1,12866988,217228467
india,haryana,2022,Q2,13576065,236091309
india,haryana,2022,Q2,13576065,236091309
india,haryana,2022,Q3,14303933,265475161
india,haryana,2022,Q3,14303933,265475161
india,haryana,2022,Q4,14994944,556898878
india,haryana,2022,Q4,14994944,556898878
india,himachal-pradesh,2018,Q1,227373,0
india,himachal-pradesh,2018,Q1,227373,0
india,himachal-pradesh,2018,Q2,315299,0
india,himachal-pradesh,2018,Q2,315299,0
india,himachal-pradesh,2018,Q3,407634,0
india,himachal-pradesh,2018,Q3,407634,0
india,himachal-pradesh,2018,Q4,526343,0
india,himachal-pradesh,2018,Q4,526343,0
india,himachal-pradesh,2019,Q1,653205,0
india,himachal-pradesh,2019,Q1,653205,0
india,himachal-pradesh,2019,Q2,772603,3321711
india,himachal-pradesh,2019,Q2,772603,3321711
india,himachal-pradesh,2019,Q3,876184,10720741
india,himachal-pradesh,2019,Q3,876184,10720741
india,himachal-pradesh,2019,Q4,985945,12637904
india,himachal-pradesh,2019,Q4,985945,12637904
india,himachal-pradesh,2020,Q1,1106025,14640104
india,himachal-pradesh,2020,Q1,1106025,14640104
india,himachal-pradesh,2020,Q2,1249867,16125580
india,himachal-pradesh,2020,Q2,1249867,16125580
india,himachal-pradesh,2020,Q3,1378634,18411750
india,himachal-pradesh,2020,Q3,1378634,18411750
india,himachal-pradesh,2020,Q4,1508766,22001148
india,himachal-pradesh,2020,Q4,1508766,22001148
india,himachal-pradesh,2021,Q1,1622951,24228094
india,himachal-pradesh,2021,Q1,1622951,24228094
india,himachal-pradesh,2021,Q2,1743151,43269977
india,himachal-pradesh,2021,Q2,1743151,43269977
india,himachal-pradesh,2021,Q3,1880626,52970288
india,himachal-pradesh,2021,Q3,1880626,52970288
india,himachal-pradesh,2021,Q4,2013747,47670982
india,himachal-pradesh,2021,Q4,2013747,47670982
india,himachal-pradesh,2022,Q1,2143483,77278278
india,himachal-pradesh,2022,Q1,2143483,77278278
india,himachal-pradesh,2022,Q2,2264407,102488683
india,himachal-pradesh,2022,Q2,2264407,102488683
india,himachal-pradesh,2022,Q3,2381576,108832538
india,himachal-pradesh,2022,Q3,2381576,108832538
india,himachal-pradesh,2022,Q4,2483076,72355717
india,himachal-pradesh,2022,Q4,2483076,72355717
india,jammu-&-kashmir,2018,Q1,176425,0
india,jammu-&-kashmir,2018,Q1,176425,0
india,jammu-&-kashmir,2018,Q2,261609,0
india,jammu-&-kashmir,2018,Q2,261609,0
india,jammu-&-kashmir,2018,Q3,342529,0
india,jammu-&-kashmir,2018,Q3,342529,0
india,jammu-&-kashmir,2018,Q4,436563,0
india,jammu-&-kashmir,2018,Q4,436563,0
india,jammu-&-kashmir,2019,Q1,530669,0
india,jammu-&-kashmir,2019,Q1,530669,0
india,jammu-&-kashmir,2019,Q2,631193,2705373
india,jammu-&-kashmir,2019,Q2,631193,2705373
india,jammu-&-kashmir,2019,Q3,658455,3843919
india,jammu-&-kashmir,2019,Q3,658455,3843919
india,jammu-&-kashmir,2019,Q4,673367,998572
india,jammu-&-kashmir,2019,Q4,673367,998572
india,jammu-&-kashmir,2020,Q1,735408,4476894
india,jammu-&-kashmir,2020,Q1,735408,4476894
india,jammu-&-kashmir,2020,Q2,845294,9856653
india,jammu-&-kashmir,2020,Q2,845294,9856653
india,jammu-&-kashmir,2020,Q3,949819,11443454
india,jammu-&-kashmir,2020,Q3,949819,11443454
india,jammu-&-kashmir,2020,Q4,1079022,16018751
india,jammu-&-kashmir,2020,Q4,1079022,16018751
india,jammu-&-kashmir,2021,Q1,1174818,18834009
india,jammu-&-kashmir,2021,Q1,1174818,18834009
india,jammu-&-kashmir,2021,Q2,1261267,34274559
india,jammu-&-kashmir,2021,Q2,1261267,34274559
india,jammu-&-kashmir,2021,Q3,1359860,45025197
india,jammu-&-kashmir,2021,Q3,1359860,45025197
india,jammu-&-kashmir,2021,Q4,1456810,36012148
india,jammu-&-kashmir,2021,Q4,1456810,36012148
india,jammu-&-kashmir,2022,Q1,1549320,62115857
india,jammu-&-kashmir,2022,Q1,1549320,62115857
india,jammu-&-kashmir,2022,Q2,1635570,89986310
india,jammu-&-kashmir,2022,Q2,1635570,89986310
india,jammu-&-kashmir,2022,Q3,1719185,109346235
india,jammu-&-kashmir,2022,Q3,1719185,109346235
india,jammu-&-kashmir,2022,Q4,1793434,60205865
india,jammu-&-kashmir,2022,Q4,1793434,60205865
india,jharkhand,2018,Q1,885762,0
india,jharkhand,2018,Q1,885762,0
india,jharkhand,2018,Q2,1230599,0
india,jharkhand,2018,Q2,1230599,0
india,jharkhand,2018,Q3,1532362,0
india,jharkhand,2018,Q3,1532362,0
india,jharkhand,2018,Q4,1913949,0
india,jharkhand,2018,Q4,1913949,0
india,jharkhand,2019,Q1,2279329,0
india,jharkhand,2019,Q1,2279329,0
india,jharkhand,2019,Q2,2604854,14929066
india,jharkhand,2019,Q2,2604854,14929066
india,jharkhand,2019,Q3,2915511,55504460
india,jharkhand,2019,Q3,2915511,55504460
india,jharkhand,2019,Q4,3281371,70181789
india,jharkhand,2019,Q4,3281371,70181789
india,jharkhand,2020,Q1,3651393,74014713
india,jharkhand,2020,Q1,3651393,74014713
india,jharkhand,2020,Q2,4061035,76339276
india,jharkhand,2020,Q2,4061035,76339276
india,jharkhand,2020,Q3,4480027,99318784
india,jharkhand,2020,Q3,4480027,99318784
india,jharkhand,2020,Q4,4917938,126310835
india,jharkhand,2020,Q4,4917938,126310835
india,jharkhand,2021,Q1,5313049,141731331
india,jharkhand,2021,Q1,5313049,141731331
india,jharkhand,2021,Q2,5701503,184234107
india,jharkhand,2021,Q2,5701503,184234107
india,jharkhand,2021,Q3,6151843,230475998
india,jharkhand,2021,Q3,6151843,230475998
india,jharkhand,2021,Q4,6596196,284960009
india,jharkhand,2021,Q4,6596196,284960009
india,jharkhand,2022,Q1,7025275,331355981
india,jharkhand,2022,Q1,7025275,331355981
india,jharkhand,2022,Q2,7426174,379053485
india,jharkhand,2022,Q2,7426174,379053485
india,jharkhand,2022,Q3,7836429,414228860
india,jharkhand,2022,Q3,7836429,414228860
india,jharkhand,2022,Q4,8217638,396098729
india,jharkhand,2022,Q4,8217638,396098729
india,karnataka,2018,Q1,3717763,0
india,karnataka,2018,Q1,3717763,0
india,karnataka,2018,Q2,5030665,0
india,karnataka,2018,Q2,5030665,0
india,karnataka,2018,Q3,6372649,0
india,karnataka,2018,Q3,6372649,0
india,karnataka,2018,Q4,8315802,0
india,karnataka,2018,Q4,8315802,0
india,karnataka,2019,Q1,10266174,0
india,karnataka,2019,Q1,10266174,0
india,karnataka,2019,Q2,11968087,113024811
india,karnataka,2019,Q2,11968087,113024811
india,karnataka,2019,Q3,13635075,445683660
india,karnataka,2019,Q3,13635075,445683660
india,karnataka,2019,Q4,15385416,569674870
india,karnataka,2019,Q4,15385416,569674870
india,karnataka,2020,Q1,17016980,626488036
india,karnataka,2020,Q1,17016980,626488036
india,karnataka,2020,Q2,18655366,490510075
india,karnataka,2020,Q2,18655366,490510075
india,karnataka,2020,Q3,20487550,693683212
india,karnataka,2020,Q3,20487550,693683212
india,karnataka,2020,Q4,22400182,935510690
india,karnataka,2020,Q4,22400182,935510690
india,karnataka,2021,Q1,24095832,1084917385
india,karnataka,2021,Q1,24095832,1084917385
india,karnataka,2021,Q2,25751023,1051089714
india,karnataka,2021,Q2,25751023,1051089714
india,karnataka,2021,Q3,27614221,1366781087
india,karnataka,2021,Q3,27614221,1366781087
india,karnataka,2021,Q4,29459646,1941558513
india,karnataka,2021,Q4,29459646,1941558513
india,karnataka,2022,Q1,31200349,1727054045
india,karnataka,2022,Q1,31200349,1727054045
india,karnataka,2022,Q2,32831447,2065359837
india,karnataka,2022,Q2,32831447,2065359837
india,karnataka,2022,Q3,34493994,2148016434
india,karnataka,2022,Q3,34493994,2148016434
india,karnataka,2022,Q4,36081698,3011645011
india,karnataka,2022,Q4,36081698,3011645011
india,kerala,2018,Q1,784184,0
india,kerala,2018,Q1,784184,0
india,kerala,2018,Q2,1066587,0
india,kerala,2018,Q2,1066587,0
india,kerala,2018,Q3,1347598,0
india,kerala,2018,Q3,1347598,0
india,kerala,2018,Q4,1757326,0
india,kerala,2018,Q4,1757326,0
india,kerala,2019,Q1,2136624,0
india,kerala,2019,Q1,2136624,0
india,kerala,2019,Q2,2550167,8673220
india,kerala,2019,Q2,2550167,8673220
india,kerala,2019,Q3,2990963,31471694
india,kerala,2019,Q3,2990963,31471694
india,kerala,2019,Q4,3503938,40046033
india,kerala,2019,Q4,3503938,40046033
india,kerala,2020,Q1,4078316,46396398
india,kerala,2020,Q1,4078316,46396398
india,kerala,2020,Q2,4728844,45832953
india,kerala,2020,Q2,4728844,45832953
india,kerala,2020,Q3,5582300,64309022
india,kerala,2020,Q3,5582300,64309022
india,kerala,2020,Q4,6387169,91415273
india,kerala,2020,Q4,6387169,91415273
india,kerala,2021,Q1,6936943,108918733
india,kerala,2021,Q1,6936943,108918733
india,kerala,2021,Q2,7416083,87814415
india,kerala,2021,Q2,7416083,87814415
india,kerala,2021,Q3,7949425,116282717
india,kerala,2021,Q3,7949425,116282717
india,kerala,2021,Q4,8473810,213542857
india,kerala,2021,Q4,8473810,213542857
india,kerala,2022,Q1,8972299,94047893
india,kerala,2022,Q1,8972299,94047893
india,kerala,2022,Q2,9442533,98876392
india,kerala,2022,Q2,9442533,98876392
india,kerala,2022,Q3,9933977,104565833
india,kerala,2022,Q3,9933977,104565833
india,kerala,2022,Q4,10382102,346981849
india,kerala,2022,Q4,10382102,346981849
india,ladakh,2018,Q1,8784,0
india,ladakh,2018,Q1,8784,0
india,ladakh,2018,Q2,12918,0
india,ladakh,2018,Q2,12918,0
india,ladakh,2018,Q3,17749,0
india,ladakh,2018,Q3,17749,0
india,ladakh,2018,Q4,23883,0
india,ladakh,2018,Q4,23883,0
india,ladakh,2019,Q1,29649,0
india,ladakh,2019,Q1,29649,0
india,ladakh,2019,Q2,35516,157317
india,ladakh,2019,Q2,35516,157317
india,ladakh,2019,Q3,39173,503126
india,ladakh,2019,Q3,39173,503126
india,ladakh,2019,Q4,43108,470440
india,ladakh,2019,Q4,43108,470440
india,ladakh,2020,Q1,47790,590484
india,ladakh,2020,Q1,47790,590484
india,ladakh,2020,Q2,53034,695673
india,ladakh,2020,Q2,53034,695673
india,ladakh,2020,Q3,58401,1015680
india,ladakh,2020,Q3,58401,1015680
india,ladakh,2020,Q4,64853,1232757
india,ladakh,2020,Q4,64853,1232757
india,ladakh,2021,Q1,69919,1184204
india,ladakh,2021,Q1,69919,1184204
india,ladakh,2021,Q2,75048,4391632
india,ladakh,2021,Q2,75048,4391632
india,ladakh,2021,Q3,81210,7099550
india,ladakh,2021,Q3,81210,7099550
india,ladakh,2021,Q4,87057,2665203
india,ladakh,2021,Q4,87057,2665203
india,ladakh,2022,Q1,92492,8902080
india,ladakh,2022,Q1,92492,8902080
india,ladakh,2022,Q2,97517,14768129
india,ladakh,2022,Q2,97517,14768129
india,ladakh,2022,Q3,102299,19734781
india,ladakh,2022,Q3,102299,19734781
india,ladakh,2022,Q4,106337,3832339
india,ladakh,2022,Q4,106337,3832339
india,lakshadweep,2018,Q1,501,0
india,lakshadweep,2018,Q1,501,0
india,lakshadweep,2018,Q2,686,0
india,lakshadweep,2018,Q2,686,0
india,lakshadweep,2018,Q3,918,0
india,lakshadweep,2018,Q3,918,0
india,lakshadweep,2018,Q4,1156,0
india,lakshadweep,2018,Q4,1156,0
india,lakshadweep,2019,Q1,1416,0
india,lakshadweep,2019,Q1,1416,0
india,lakshadweep,2019,Q2,1747,4580
india,lakshadweep,2019,Q2,1747,4580
india,lakshadweep,2019,Q3,2117,15038
india,lakshadweep,2019,Q3,2117,15038
india,lakshadweep,2019,Q4,2427,17760
india,lakshadweep,2019,Q4,2427,17760
india,lakshadweep,2020,Q1,2772,21982
india,lakshadweep,2020,Q1,2772,21982
india,lakshadweep,2020,Q2,3187,29202
india,lakshadweep,2020,Q2,3187,29202
india,lakshadweep,2020,Q3,3644,32128
india,lakshadweep,2020,Q3,3644,32128
india,lakshadweep,2020,Q4,4179,41144
india,lakshadweep,2020,Q4,4179,41144
india,lakshadweep,2021,Q1,4577,47283
india,lakshadweep,2021,Q1,4577,47283
india,lakshadweep,2021,Q2,4896,40301
india,lakshadweep,2021,Q2,4896,40301
india,lakshadweep,2021,Q3,5287,49127
india,lakshadweep,2021,Q3,5287,49127
india,lakshadweep,2021,Q4,5638,67320
india,lakshadweep,2021,Q4,5638,67320
india,lakshadweep,2022,Q1,5990,45410
india,lakshadweep,2022,Q1,5990,45410
india,lakshadweep,2022,Q2,6327,38450
india,lakshadweep,2022,Q2,6327,38450
india,lakshadweep,2022,Q3,6645,18111
india,lakshadweep,2022,Q3,6645,18111
india,lakshadweep,2022,Q4,6961,72377
india,lakshadweep,2022,Q4,6961,72377
india,madhya-pradesh,2018,Q1,2553603,0
india,madhya-pradesh,2018,Q1,2553603,0
india,madhya-pradesh,2018,Q2,3441662,0
india,madhya-pradesh,2018,Q2,3441662,0
india,madhya-pradesh,2018,Q3,4309309,0
india,madhya-pradesh,2018,Q3,4309309,0
india,madhya-pradesh,2018,Q4,5365442,0
india,madhya-pradesh,2018,Q4,5365442,0
india,madhya-pradesh,2019,Q1,6414403,0
india,madhya-pradesh,2019,Q1,6414403,0
india,madhya-pradesh,2019,Q2,7301172,50642151
india,madhya-pradesh,2019,Q2,7301172,50642151
india,madhya-pradesh,2019,Q3,8180664,192353380
india,madhya-pradesh,2019,Q3,8180664,192353380
india,madhya-pradesh,2019,Q4,9165241,237844976
india,madhya-pradesh,2019,Q4,9165241,237844976
india,madhya-pradesh,2020,Q1,10151371,262452480
india,madhya-pradesh,2020,Q1,10151371,262452480
india,madhya-pradesh,2020,Q2,11374423,253770044
india,madhya-pradesh,2020,Q2,11374423,253770044
india,madhya-pradesh,2020,Q3,12564224,324850994
india,madhya-pradesh,2020,Q3,12564224,324850994
india,madhya-pradesh,2020,Q4,13737947,405571446
india,madhya-pradesh,2020,Q4,13737947,405571446
india,madhya-pradesh,2021,Q1,14839427,482500276
india,madhya-pradesh,2021,Q1,14839427,482500276
india,madhya-pradesh,2021,Q2,15940935,727741649
india,madhya-pradesh,2021,Q2,15940935,727741649
india,madhya-pradesh,2021,Q3,17210233,929572924
india,madhya-pradesh,2021,Q3,17210233,929572924
india,madhya-pradesh,2021,Q4,18456243,956630781
india,madhya-pradesh,2021,Q4,18456243,956630781
india,madhya-pradesh,2022,Q1,19656147,1678266475
india,madhya-pradesh,2022,Q1,19656147,1678266475
india,madhya-pradesh,2022,Q2,20766417,1902866132
india,madhya-pradesh,2022,Q2,20766417,1902866132
india,madhya-pradesh,2022,Q3,21884220,2026371749
india,madhya-pradesh,2022,Q3,21884220,2026371749
india,madhya-pradesh,2022,Q4,22913924,1388282818
india,madhya-pradesh,2022,Q4,22913924,1388282818
india,maharashtra,2018,Q1,6106994,0
india,maharashtra,2018,Q1,6106994,0
india,maharashtra,2018,Q2,8222371,0
india,maharashtra,2018,Q2,8222371,0
india,maharashtra,2018,Q3,10435033,0
india,maharashtra,2018,Q3,10435033,0
india,maharashtra,2018,Q4,13381602,0
india,maharashtra,2018,Q4,13381602,0
india,maharashtra,2019,Q1,16284451,0
india,maharashtra,2019,Q1,16284451,0
india,maharashtra,2019,Q2,18776975,109967705
india,maharashtra,2019,Q2,18776975,109967705
india,maharashtra,2019,Q3,21313081,439998413
india,maharashtra,2019,Q3,21313081,439998413
india,maharashtra,2019,Q4,23745297,543654112
india,maharashtra,2019,Q4,23745297,543654112
india,maharashtra,2020,Q1,26168390,615146568
india,maharashtra,2020,Q1,26168390,615146568
india,maharashtra,2020,Q2,28765086,506354812
india,maharashtra,2020,Q2,28765086,506354812
india,maharashtra,2020,Q3,31409513,668197101
india,maharashtra,2020,Q3,31409513,668197101
india,maharashtra,2020,Q4,34432631,952006770
india,maharashtra,2020,Q4,34432631,952006770
india,maharashtra,2021,Q1,37077537,1101976484
india,maharashtra,2021,Q1,37077537,1101976484
india,maharashtra,2021,Q2,39664697,1208083592
india,maharashtra,2021,Q2,39664697,1208083592
india,maharashtra,2021,Q3,42581217,1565370852
india,maharashtra,2021,Q3,42581217,1565370852
india,maharashtra,2021,Q4,45482506,2031739248
india,maharashtra,2021,Q4,45482506,2031739248
india,maharashtra,2022,Q1,48227630,2157769514
india,maharashtra,2022,Q1,48227630,2157769514
india,maharashtra,2022,Q2,50802786,2492946019
india,maharashtra,2022,Q2,50802786,2492946019
india,maharashtra,2022,Q3,53432602,2638663712
india,maharashtra,2022,Q3,53432602,2638663712
india,maharashtra,2022,Q4,55954028,2982202696
india,maharashtra,2022,Q4,55954028,2982202696
india,manipur,2018,Q1,29925,0
india,manipur,2018,Q1,29925,0
india,manipur,2018,Q2,46055,0
india,manipur,2018,Q2,46055,0
india,manipur,2018,Q3,61935,0
india,manipur,2018,Q3,61935,0
india,manipur,2018,Q4,82589,0
india,manipur,2018,Q4,82589,0
india,manipur,2019,Q1,99527,0
india,manipur,2019,Q1,99527,0
india,manipur,2019,Q2,117747,464829
india,manipur,2019,Q2,117747,464829
india,manipur,2019,Q3,136316,1594205
india,manipur,2019,Q3,136316,1594205
india,manipur,2019,Q4,155358,1855488
india,manipur,2019,Q4,155358,1855488
india,manipur,2020,Q1,177374,2175642
india,manipur,2020,Q1,177374,2175642
india,manipur,2020,Q2,215496,3011491
india,manipur,2020,Q2,215496,3011491
india,manipur,2020,Q3,258563,3552375
india,manipur,2020,Q3,258563,3552375
india,manipur,2020,Q4,288772,3783432
india,manipur,2020,Q4,288772,3783432
india,manipur,2021,Q1,312668,3709227
india,manipur,2021,Q1,312668,3709227
india,manipur,2021,Q2,335409,7269002
india,manipur,2021,Q2,335409,7269002
india,manipur,2021,Q3,361749,9743772
india,manipur,2021,Q3,361749,9743772
india,manipur,2021,Q4,387746,7603294
india,manipur,2021,Q4,387746,7603294
india,manipur,2022,Q1,411900,22637747
india,manipur,2022,Q1,411900,22637747
india,manipur,2022,Q2,434563,26236900
india,manipur,2022,Q2,434563,26236900
india,manipur,2022,Q3,457063,26011343
india,manipur,2022,Q3,457063,26011343
india,manipur,2022,Q4,477292,12462732
india,manipur,2022,Q4,477292,12462732
india,meghalaya,2018,Q1,18513,0
india,meghalaya,2018,Q1,18513,0
india,meghalaya,2018,Q2,26618,0
india,meghalaya,2018,Q2,26618,0
india,meghalaya,2018,Q3,37281,0
india,meghalaya,2018,Q3,37281,0
india,meghalaya,2018,Q4,49634,0
india,meghalaya,2018,Q4,49634,0
india,meghalaya,2019,Q1,61487,0
india,meghalaya,2019,Q1,61487,0
india,meghalaya,2019,Q2,74746,395764
india,meghalaya,2019,Q2,74746,395764
india,meghalaya,2019,Q3,87395,1387814
india,meghalaya,2019,Q3,87395,1387814
india,meghalaya,2019,Q4,100030,1490542
india,meghalaya,2019,Q4,100030,1490542
india,meghalaya,2020,Q1,113814,1716211
india,meghalaya,2020,Q1,113814,1716211
india,meghalaya,2020,Q2,136211,2205253
india,meghalaya,2020,Q2,136211,2205253
india,meghalaya,2020,Q3,157741,2384534
india,meghalaya,2020,Q3,157741,2384534
india,meghalaya,2020,Q4,176447,2745917
india,meghalaya,2020,Q4,176447,2745917
india,meghalaya,2021,Q1,190869,2939026
india,meghalaya,2021,Q1,190869,2939026
india,meghalaya,2021,Q2,205686,7290804
india,meghalaya,2021,Q2,205686,7290804
india,meghalaya,2021,Q3,223065,9952956
india,meghalaya,2021,Q3,223065,9952956
india,meghalaya,2021,Q4,240268,6048594
india,meghalaya,2021,Q4,240268,6048594
india,meghalaya,2022,Q1,255839,23634106
india,meghalaya,2022,Q1,255839,23634106
india,meghalaya,2022,Q2,269943,27458992
india,meghalaya,2022,Q2,269943,27458992
india,meghalaya,2022,Q3,283487,32596135
india,meghalaya,2022,Q3,283487,32596135
india,meghalaya,2022,Q4,295322,10105924
india,meghalaya,2022,Q4,295322,10105924
india,mizoram,2018,Q1,7593,0
india,mizoram,2018,Q1,7593,0
india,mizoram,2018,Q2,10422,0
india,mizoram,2018,Q2,10422,0
india,mizoram,2018,Q3,14502,0
india,mizoram,2018,Q3,14502,0
india,mizoram,2018,Q4,19365,0
india,mizoram,2018,Q4,19365,0
india,mizoram,2019,Q1,23670,0
india,mizoram,2019,Q1,23670,0
india,mizoram,2019,Q2,28696,133025
india,mizoram,2019,Q2,28696,133025
india,mizoram,2019,Q3,34134,457834
india,mizoram,2019,Q3,34134,457834
india,mizoram,2019,Q4,39809,529168
india,mizoram,2019,Q4,39809,529168
india,mizoram,2020,Q1,46499,644683
india,mizoram,2020,Q1,46499,644683
india,mizoram,2020,Q2,55574,739308
india,mizoram,2020,Q2,55574,739308
india,mizoram,2020,Q3,68315,924865
india,mizoram,2020,Q3,68315,924865
india,mizoram,2020,Q4,78731,1096182
india,mizoram,2020,Q4,78731,1096182
india,mizoram,2021,Q1,85750,1193214
india,mizoram,2021,Q1,85750,1193214
india,mizoram,2021,Q2,92552,4014597
india,mizoram,2021,Q2,92552,4014597
india,mizoram,2021,Q3,100647,5385718
india,mizoram,2021,Q3,100647,5385718
india,mizoram,2021,Q4,108405,2094118
india,mizoram,2021,Q4,108405,2094118
india,mizoram,2022,Q1,115295,14886657
india,mizoram,2022,Q1,115295,14886657
india,mizoram,2022,Q2,121535,16646550
india,mizoram,2022,Q2,121535,16646550
india,mizoram,2022,Q3,127735,15557163
india,mizoram,2022,Q3,127735,15557163
india,mizoram,2022,Q4,132870,3144551
india,mizoram,2022,Q4,132870,3144551
india,nagaland,2018,Q1,15074,0
india,nagaland,2018,Q1,15074,0
india,nagaland,2018,Q2,22436,0
india,nagaland,2018,Q2,22436,0
india,nagaland,2018,Q3,32090,0
india,nagaland,2018,Q3,32090,0
india,nagaland,2018,Q4,42997,0
india,nagaland,2018,Q4,42997,0
india,nagaland,2019,Q1,53911,0
india,nagaland,2019,Q1,53911,0
india,nagaland,2019,Q2,66891,362497
india,nagaland,2019,Q2,66891,362497
india,nagaland,2019,Q3,80077,1244022
india,nagaland,2019,Q3,80077,1244022
india,nagaland,2019,Q4,93124,1454551
india,nagaland,2019,Q4,93124,1454551
india,nagaland,2020,Q1,107143,1684520
india,nagaland,2020,Q1,107143,1684520
india,nagaland,2020,Q2,130205,2119279
india,nagaland,2020,Q2,130205,2119279
india,nagaland,2020,Q3,173106,2868642
india,nagaland,2020,Q3,173106,2868642
india,nagaland,2020,Q4,192188,2922121
india,nagaland,2020,Q4,192188,2922121
india,nagaland,2021,Q1,207808,2980581
india,nagaland,2021,Q1,207808,2980581
india,nagaland,2021,Q2,223337,6716892
india,nagaland,2021,Q2,223337,6716892
india,nagaland,2021,Q3,241797,8661991
india,nagaland,2021,Q3,241797,8661991
india,nagaland,2021,Q4,259990,6383337
india,nagaland,2021,Q4,259990,6383337
india,nagaland,2022,Q1,276483,24206053
india,nagaland,2022,Q1,276483,24206053
india,nagaland,2022,Q2,292104,28652431
india,nagaland,2022,Q2,292104,28652431
india,nagaland,2022,Q3,307386,31229366
india,nagaland,2022,Q3,307386,31229366
india,nagaland,2022,Q4,321205,11171582
india,nagaland,2022,Q4,321205,11171582
india,odisha,2018,Q1,1594015,0
india,odisha,2018,Q1,1594015,0
india,odisha,2018,Q2,2185781,0
india,odisha,2018,Q2,2185781,0
india,odisha,2018,Q3,2795718,0
india,odisha,2018,Q3,2795718,0
india,odisha,2018,Q4,3623911,0
india,odisha,2018,Q4,3623911,0
india,odisha,2019,Q1,4320744,0
india,odisha,2019,Q1,4320744,0
india,odisha,2019,Q2,4845359,33955545
india,odisha,2019,Q2,4845359,33955545
india,odisha,2019,Q3,5387209,130181456
india,odisha,2019,Q3,5387209,130181456
india,odisha,2019,Q4,6115537,189905719
india,odisha,2019,Q4,6115537,189905719
india,odisha,2020,Q1,6652970,175918622
india,odisha,2020,Q1,6652970,175918622
india,odisha,2020,Q2,7258315,154682772
india,odisha,2020,Q2,7258315,154682772
india,odisha,2020,Q3,7901755,205597666
india,odisha,2020,Q3,7901755,205597666
india,odisha,2020,Q4,8598751,270085293
india,odisha,2020,Q4,8598751,270085293
india,odisha,2021,Q1,9233009,301315474
india,odisha,2021,Q1,9233009,301315474
india,odisha,2021,Q2,9891029,367576494
india,odisha,2021,Q2,9891029,367576494
india,odisha,2021,Q3,10652490,492879704
india,odisha,2021,Q3,10652490,492879704
india,odisha,2021,Q4,11399235,567351446
india,odisha,2021,Q4,11399235,567351446
india,odisha,2022,Q1,12124779,613855465
india,odisha,2022,Q1,12124779,613855465
india,odisha,2022,Q2,12801990,670311093
india,odisha,2022,Q2,12801990,670311093
india,odisha,2022,Q3,13493282,725475924
india,odisha,2022,Q3,13493282,725475924
india,odisha,2022,Q4,14127239,726099254
india,odisha,2022,Q4,14127239,726099254
india,puducherry,2018,Q1,49318,0
india,puducherry,2018,Q1,49318,0
india,puducherry,2018,Q2,65580,0
india,puducherry,2018,Q2,65580,0
india,puducherry,2018,Q3,81546,0
india,puducherry,2018,Q3,81546,0
india,puducherry,2018,Q4,109494,0
india,puducherry,2018,Q4,109494,0
india,puducherry,2019,Q1,133059,0
india,puducherry,2019,Q1,133059,0
india,puducherry,2019,Q2,156458,661932
india,puducherry,2019,Q2,156458,661932
india,puducherry,2019,Q3,177868,2476922
india,puducherry,2019,Q3,177868,2476922
india,puducherry,2019,Q4,204292,3263122
india,puducherry,2019,Q4,204292,3263122
india,puducherry,2020,Q1,230908,3820943
india,puducherry,2020,Q1,230908,3820943
india,puducherry,2020,Q2,255600,3057608
india,puducherry,2020,Q2,255600,3057608
india,puducherry,2020,Q3,285173,4222159
india,puducherry,2020,Q3,285173,4222159
india,puducherry,2020,Q4,319626,6377136
india,puducherry,2020,Q4,319626,6377136
india,puducherry,2021,Q1,346279,7914507
india,puducherry,2021,Q1,346279,7914507
india,puducherry,2021,Q2,369961,5178916
india,puducherry,2021,Q2,369961,5178916
india,puducherry,2021,Q3,396609,6899592
india,puducherry,2021,Q3,396609,6899592
india,puducherry,2021,Q4,423167,14257568
india,puducherry,2021,Q4,423167,14257568
india,puducherry,2022,Q1,448051,3938657
india,puducherry,2022,Q1,448051,3938657
india,puducherry,2022,Q2,471663,3830290
india,puducherry,2022,Q2,471663,3830290
india,puducherry,2022,Q3,496570,4186911
india,puducherry,2022,Q3,496570,4186911
india,puducherry,2022,Q4,520649,24144184
india,puducherry,2022,Q4,520649,24144184
india,punjab,2018,Q1,847142,0
india,punjab,2018,Q1,847142,0
india,punjab,2018,Q2,1152190,0
india,punjab,2018,Q2,1152190,0
india,punjab,2018,Q3,1473148,0
india,punjab,2018,Q3,1473148,0
india,punjab,2018,Q4,1865715,0
india,punjab,2018,Q4,1865715,0
india,punjab,2019,Q1,2226590,0
india,punjab,2019,Q1,2226590,0
india,punjab,2019,Q2,2600112,10928094
india,punjab,2019,Q2,2600112,10928094
india,punjab,2019,Q3,2962713,40860886
india,punjab,2019,Q3,2962713,40860886
india,punjab,2019,Q4,3321742,47673880
india,punjab,2019,Q4,3321742,47673880
india,punjab,2020,Q1,3739502,53853710
india,punjab,2020,Q1,3739502,53853710
india,punjab,2020,Q2,4225481,51289576
india,punjab,2020,Q2,4225481,51289576
india,punjab,2020,Q3,4694233,58946732
india,punjab,2020,Q3,4694233,58946732
india,punjab,2020,Q4,5157868,71191183
india,punjab,2020,Q4,5157868,71191183
india,punjab,2021,Q1,5568777,81052268
india,punjab,2021,Q1,5568777,81052268
india,punjab,2021,Q2,5976548,85894089
india,punjab,2021,Q2,5976548,85894089
india,punjab,2021,Q3,6434862,107614155
india,punjab,2021,Q3,6434862,107614155
india,punjab,2021,Q4,6880103,138427499
india,punjab,2021,Q4,6880103,138427499
india,punjab,2022,Q1,7302726,117482807
india,punjab,2022,Q1,7302726,117482807
india,punjab,2022,Q2,7702100,138965337
india,punjab,2022,Q2,7702100,138965337
india,punjab,2022,Q3,8097582,154625731
india,punjab,2022,Q3,8097582,154625731
india,punjab,2022,Q4,8462753,199899443
india,punjab,2022,Q4,8462753,199899443
india,rajasthan,2018,Q1,3158202,0
india,rajasthan,2018,Q1,3158202,0
india,rajasthan,2018,Q2,4212964,0
india,rajasthan,2018,Q2,4212964,0
india,rajasthan,2018,Q3,5175453,0
india,rajasthan,2018,Q3,5175453,0
india,rajasthan,2018,Q4,6358738,0
india,rajasthan,2018,Q4,6358738,0
india,rajasthan,2019,Q1,7712204,0
india,rajasthan,2019,Q1,7712204,0
india,rajasthan,2019,Q2,8783935,62787336
india,rajasthan,2019,Q2,8783935,62787336
india,rajasthan,2019,Q3,9797304,238338999
india,rajasthan,2019,Q3,9797304,238338999
india,rajasthan,2019,Q4,10925031,288904693
india,rajasthan,2019,Q4,10925031,288904693
india,rajasthan,2020,Q1,12142053,341815756
india,rajasthan,2020,Q1,12142053,341815756
india,rajasthan,2020,Q2,13563201,329941181
india,rajasthan,2020,Q2,13563201,329941181
india,rajasthan,2020,Q3,14969412,436682870
india,rajasthan,2020,Q3,14969412,436682870
india,rajasthan,2020,Q4,16329494,511015109
india,rajasthan,2020,Q4,16329494,511015109
india,rajasthan,2021,Q1,17661088,632535059
india,rajasthan,2021,Q1,17661088,632535059
india,rajasthan,2021,Q2,18980985,1072091232
india,rajasthan,2021,Q2,18980985,1072091232
india,rajasthan,2021,Q3,20499465,1429553825
india,rajasthan,2021,Q3,20499465,1429553825
india,rajasthan,2021,Q4,21977202,1185124031
india,rajasthan,2021,Q4,21977202,1185124031
india,rajasthan,2022,Q1,23398857,2570606469
india,rajasthan,2022,Q1,23398857,2570606469
india,rajasthan,2022,Q2,24716181,2771434947
india,rajasthan,2022,Q2,24716181,2771434947
india,rajasthan,2022,Q3,26042948,3299787866
india,rajasthan,2022,Q3,26042948,3299787866
india,rajasthan,2022,Q4,27255927,1537424924
india,rajasthan,2022,Q4,27255927,1537424924
india,sikkim,2018,Q1,20051,0
india,sikkim,2018,Q1,20051,0
india,sikkim,2018,Q2,28097,0
india,sikkim,2018,Q2,28097,0
india,sikkim,2018,Q3,37637,0
india,sikkim,2018,Q3,37637,0
india,sikkim,2018,Q4,48538,0
india,sikkim,2018,Q4,48538,0
india,sikkim,2019,Q1,58956,0
india,sikkim,2019,Q1,58956,0
india,sikkim,2019,Q2,70999,398520
india,sikkim,2019,Q2,70999,398520
india,sikkim,2019,Q3,82128,1316804
india,sikkim,2019,Q3,82128,1316804
india,sikkim,2019,Q4,92972,1552004
india,sikkim,2019,Q4,92972,1552004
india,sikkim,2020,Q1,104631,1697163
india,sikkim,2020,Q1,104631,1697163
india,sikkim,2020,Q2,119921,1912335
india,sikkim,2020,Q2,119921,1912335
india,sikkim,2020,Q3,134773,2156470
india,sikkim,2020,Q3,134773,2156470
india,sikkim,2020,Q4,148543,2478670
india,sikkim,2020,Q4,148543,2478670
india,sikkim,2021,Q1,160213,2795331
india,sikkim,2021,Q1,160213,2795331
india,sikkim,2021,Q2,171740,4541121
india,sikkim,2021,Q2,171740,4541121
india,sikkim,2021,Q3,184693,5714565
india,sikkim,2021,Q3,184693,5714565
india,sikkim,2021,Q4,197407,5525552
india,sikkim,2021,Q4,197407,5525552
india,sikkim,2022,Q1,209616,12440193
india,sikkim,2022,Q1,209616,12440193
india,sikkim,2022,Q2,220994,16993937
india,sikkim,2022,Q2,220994,16993937
india,sikkim,2022,Q3,232025,18748536
india,sikkim,2022,Q3,232025,18748536
india,sikkim,2022,Q4,241968,8948864
india,sikkim,2022,Q4,241968,8948864
india,tamil-nadu,2018,Q1,2104754,0
india,tamil-nadu,2018,Q1,2104754,0
india,tamil-nadu,2018,Q2,2996036,0
india,tamil-nadu,2018,Q2,2996036,0
india,tamil-nadu,2018,Q3,3900177,0
india,tamil-nadu,2018,Q3,3900177,0
india,tamil-nadu,2018,Q4,5199878,0
india,tamil-nadu,2018,Q4,5199878,0
india,tamil-nadu,2019,Q1,6296303,0
india,tamil-nadu,2019,Q1,6296303,0
india,tamil-nadu,2019,Q2,7429609,33658961
india,tamil-nadu,2019,Q2,7429609,33658961
india,tamil-nadu,2019,Q3,8428835,124690342
india,tamil-nadu,2019,Q3,8428835,124690342
india,tamil-nadu,2019,Q4,9620493,155011717
india,tamil-nadu,2019,Q4,9620493,155011717
india,tamil-nadu,2020,Q1,10872368,179908753
india,tamil-nadu,2020,Q1,10872368,179908753
india,tamil-nadu,2020,Q2,12150786,144907447
india,tamil-nadu,2020,Q2,12150786,144907447
india,tamil-nadu,2020,Q3,13643451,194683284
india,tamil-nadu,2020,Q3,13643451,194683284
india,tamil-nadu,2020,Q4,15357586,288233552
india,tamil-nadu,2020,Q4,15357586,288233552
india,tamil-nadu,2021,Q1,16632608,348801714
india,tamil-nadu,2021,Q1,16632608,348801714
india,tamil-nadu,2021,Q2,17804542,343968474
india,tamil-nadu,2021,Q2,17804542,343968474
india,tamil-nadu,2021,Q3,19127440,459826734
india,tamil-nadu,2021,Q3,19127440,459826734
india,tamil-nadu,2021,Q4,20433142,685861440
india,tamil-nadu,2021,Q4,20433142,685861440
india,tamil-nadu,2022,Q1,21667020,638490275
india,tamil-nadu,2022,Q1,21667020,638490275
india,tamil-nadu,2022,Q2,22829720,740265406
india,tamil-nadu,2022,Q2,22829720,740265406
india,tamil-nadu,2022,Q3,24019964,866738343
india,tamil-nadu,2022,Q3,24019964,866738343
india,tamil-nadu,2022,Q4,25136112,1229187623
india,tamil-nadu,2022,Q4,25136112,1229187623
india,telangana,2018,Q1,3315560,0
india,telangana,2018,Q1,3315560,0
india,telangana,2018,Q2,4260115,0
india,telangana,2018,Q2,4260115,0
india,telangana,2018,Q3,5138501,0
india,telangana,2018,Q3,5138501,0
india,telangana,2018,Q4,6529679,0
india,telangana,2018,Q4,6529679,0
india,telangana,2019,Q1,7963425,0
india,telangana,2019,Q1,7963425,0
india,telangana,2019,Q2,9046007,80842302
india,telangana,2019,Q2,9046007,80842302
india,telangana,2019,Q3,10090557,318124511
india,telangana,2019,Q3,10090557,318124511
india,telangana,2019,Q4,11220691,399239044
india,telangana,2019,Q4,11220691,399239044
india,telangana,2020,Q1,12306860,454723816
india,telangana,2020,Q1,12306860,454723816
india,telangana,2020,Q2,13378191,367130505
india,telangana,2020,Q2,13378191,367130505
india,telangana,2020,Q3,14590882,527781925
india,telangana,2020,Q3,14590882,527781925
india,telangana,2020,Q4,15927797,764614235
india,telangana,2020,Q4,15927797,764614235
india,telangana,2021,Q1,17149069,920040042
india,telangana,2021,Q1,17149069,920040042
india,telangana,2021,Q2,18306880,905317692
india,telangana,2021,Q2,18306880,905317692
india,telangana,2021,Q3,19615278,1107529197
india,telangana,2021,Q3,19615278,1107529197
india,telangana,2021,Q4,20917649,1407599392
india,telangana,2021,Q4,20917649,1407599392
india,telangana,2022,Q1,22150612,1168864524
india,telangana,2022,Q1,22150612,1168864524
india,telangana,2022,Q2,23314363,1276259370
india,telangana,2022,Q2,23314363,1276259370
india,telangana,2022,Q3,24506111,1255597644
india,telangana,2022,Q3,24506111,1255597644
india,telangana,2022,Q4,25656381,1731228513
india,telangana,2022,Q4,25656381,1731228513
india,tripura,2018,Q1,55157,0
india,tripura,2018,Q1,55157,0
india,tripura,2018,Q2,83369,0
india,tripura,2018,Q2,83369,0
india,tripura,2018,Q3,116874,0
india,tripura,2018,Q3,116874,0
india,tripura,2018,Q4,153265,0
india,tripura,2018,Q4,153265,0
india,tripura,2019,Q1,183254,0
india,tripura,2019,Q1,183254,0
india,tripura,2019,Q2,217644,953627
india,tripura,2019,Q2,217644,953627
india,tripura,2019,Q3,245456,3350991
india,tripura,2019,Q3,245456,3350991
india,tripura,2019,Q4,272298,3610807
india,tripura,2019,Q4,272298,3610807
india,tripura,2020,Q1,299962,4063223
india,tripura,2020,Q1,299962,4063223
india,tripura,2020,Q2,336666,4443221
india,tripura,2020,Q2,336666,4443221
india,tripura,2020,Q3,376731,5777908
india,tripura,2020,Q3,376731,5777908
india,tripura,2020,Q4,409110,6017249
india,tripura,2020,Q4,409110,6017249
india,tripura,2021,Q1,439636,6009660
india,tripura,2021,Q1,439636,6009660
india,tripura,2021,Q2,472153,9500881
india,tripura,2021,Q2,472153,9500881
india,tripura,2021,Q3,509929,12279146
india,tripura,2021,Q3,509929,12279146
india,tripura,2021,Q4,546292,10728702
india,tripura,2021,Q4,546292,10728702
india,tripura,2022,Q1,582124,19322963
india,tripura,2022,Q1,582124,19322963
india,tripura,2022,Q2,615782,21343111
india,tripura,2022,Q2,615782,21343111
india,tripura,2022,Q3,649143,24123569
india,tripura,2022,Q3,649143,24123569
india,tripura,2022,Q4,678741,16107610
india,tripura,2022,Q4,678741,16107610
india,uttar-pradesh,2018,Q1,4694250,0
india,uttar-pradesh,2018,Q1,4694250,0
india,uttar-pradesh,2018,Q2,6442554,0
india,uttar-pradesh,2018,Q2,6442554,0
india,uttar-pradesh,2018,Q3,8096483,0
india,uttar-pradesh,2018,Q3,8096483,0
india,uttar-pradesh,2018,Q4,10341964,0
india,uttar-pradesh,2018,Q4,10341964,0
india,uttar-pradesh,2019,Q1,12458661,0
india,uttar-pradesh,2019,Q1,12458661,0
india,uttar-pradesh,2019,Q2,14316349,78394040
india,uttar-pradesh,2019,Q2,14316349,78394040
india,uttar-pradesh,2019,Q3,16044607,268142606
india,uttar-pradesh,2019,Q3,16044607,268142606
india,uttar-pradesh,2019,Q4,17949542,324068625
india,uttar-pradesh,2019,Q4,17949542,324068625
india,uttar-pradesh,2020,Q1,20136256,374282083
india,uttar-pradesh,2020,Q1,20136256,374282083
india,uttar-pradesh,2020,Q2,22498519,383703534
india,uttar-pradesh,2020,Q2,22498519,383703534
india,uttar-pradesh,2020,Q3,24838116,450784508
india,uttar-pradesh,2020,Q3,24838116,450784508
india,uttar-pradesh,2020,Q4,27249134,552220798
india,uttar-pradesh,2020,Q4,27249134,552220798
india,uttar-pradesh,2021,Q1,29482075,639718324
india,uttar-pradesh,2021,Q1,29482075,639718324
india,uttar-pradesh,2021,Q2,31651894,673598864
india,uttar-pradesh,2021,Q2,31651894,673598864
india,uttar-pradesh,2021,Q3,34151882,803890116
india,uttar-pradesh,2021,Q3,34151882,803890116
india,uttar-pradesh,2021,Q4,36617655,1175923794
india,uttar-pradesh,2021,Q4,36617655,1175923794
india,uttar-pradesh,2022,Q1,38999692,836926025
india,uttar-pradesh,2022,Q1,38999692,836926025
india,uttar-pradesh,2022,Q2,41247289,947480495
india,uttar-pradesh,2022,Q2,41247289,947480495
india,uttar-pradesh,2022,Q3,43537920,1035702397
india,uttar-pradesh,2022,Q3,43537920,1035702397
india,uttar-pradesh,2022,Q4,45648650,1682003791
india,uttar-pradesh,2022,Q4,45648650,1682003791
india,uttarakhand,2018,Q1,483043,0
india,uttarakhand,2018,Q1,483043,0
india,uttarakhand,2018,Q2,649142,0
india,uttarakhand,2018,Q2,649142,0
india,uttarakhand,2018,Q3,810612,0
india,uttarakhand,2018,Q3,810612,0
india,uttarakhand,2018,Q4,1012103,0
india,uttarakhand,2018,Q4,1012103,0
india,uttarakhand,2019,Q1,1224955,0
india,uttarakhand,2019,Q1,1224955,0
india,uttarakhand,2019,Q2,1414339,7454279
india,uttarakhand,2019,Q2,1414339,7454279
india,uttarakhand,2019,Q3,1585859,24660988
india,uttarakhand,2019,Q3,1585859,24660988
india,uttarakhand,2019,Q4,1752677,28853867
india,uttarakhand,2019,Q4,1752677,28853867
india,uttarakhand,2020,Q1,1943606,32631265
india,uttarakhand,2020,Q1,1943606,32631265
india,uttarakhand,2020,Q2,2148567,31074793
india,uttarakhand,2020,Q2,2148567,31074793
india,uttarakhand,2020,Q3,2365438,40377348
india,uttarakhand,2020,Q3,2365438,40377348
india,uttarakhand,2020,Q4,2596244,52564888
india,uttarakhand,2020,Q4,2596244,52564888
india,uttarakhand,2021,Q1,2802122,59282260
india,uttarakhand,2021,Q1,2802122,59282260
india,uttarakhand,2021,Q2,3004040,78380036
india,uttarakhand,2021,Q2,3004040,78380036
india,uttarakhand,2021,Q3,3233509,90886530
india,uttarakhand,2021,Q3,3233509,90886530
india,uttarakhand,2021,Q4,3460015,110928354
india,uttarakhand,2021,Q4,3460015,110928354
india,uttarakhand,2022,Q1,3674829,115224382
india,uttarakhand,2022,Q1,3674829,115224382
india,uttarakhand,2022,Q2,3877056,156465685
india,uttarakhand,2022,Q2,3877056,156465685
india,uttarakhand,2022,Q3,4081976,152803850
india,uttarakhand,2022,Q3,4081976,152803850
india,uttarakhand,2022,Q4,4272049,160685547
india,uttarakhand,2022,Q4,4272049,160685547
india,west-bengal,2018,Q1,2604789,0
india,west-bengal,2018,Q1,2604789,0
india,west-bengal,2018,Q2,3833795,0
india,west-bengal,2018,Q2,3833795,0
india,west-bengal,2018,Q3,4851740,0
india,west-bengal,2018,Q3,4851740,0
india,west-bengal,2018,Q4,6279278,0
india,west-bengal,2018,Q4,6279278,0
india,west-bengal,2019,Q1,7449425,0
india,west-bengal,2019,Q1,7449425,0
india,west-bengal,2019,Q2,8612795,49514201
india,west-bengal,2019,Q2,8612795,49514201
india,west-bengal,2019,Q3,9643222,176559011
india,west-bengal,2019,Q3,9643222,176559011
india,west-bengal,2019,Q4,10885058,244326613
india,west-bengal,2019,Q4,10885058,244326613
india,west-bengal,2020,Q1,11960822,207068218
india,west-bengal,2020,Q1,11960822,207068218
india,west-bengal,2020,Q2,13222022,198589332
india,west-bengal,2020,Q2,13222022,198589332
india,west-bengal,2020,Q3,14448366,246554831
india,west-bengal,2020,Q3,14448366,246554831
india,west-bengal,2020,Q4,15662093,291721919
india,west-bengal,2020,Q4,15662093,291721919
india,west-bengal,2021,Q1,16808799,316832674
india,west-bengal,2021,Q1,16808799,316832674
india,west-bengal,2021,Q2,17979979,275341466
india,west-bengal,2021,Q2,17979979,275341466
india,west-bengal,2021,Q3,19323278,348588666
india,west-bengal,2021,Q3,19323278,348588666
india,west-bengal,2021,Q4,20644527,512335839
india,west-bengal,2021,Q4,20644527,512335839
india,west-bengal,2022,Q1,21919787,236131065
india,west-bengal,2022,Q1,21919787,236131065
india,west-bengal,2022,Q2,23124388,250276369
india,west-bengal,2022,Q2,23124388,250276369
india,west-bengal,2022,Q3,24372048,256445748
india,west-bengal,2022,Q3,24372048,256445748
india,west-bengal,2022,Q4,25536381,678066327
india,west-bengal,2022,Q4,25536381,678066327
